n01503061 bird : root : 7 : n01844917 n01823013 n01524359 n01838598 n01833805 n01827403 n01835276
--- 200 : 001.Black_footed_Albatross 002.Laysan_Albatross 003.Sooty_Albatross 004.Groove_billed_Ani 005.Crested_Auklet 006.Least_Auklet 007.Parakeet_Auklet 008.Rhinoceros_Auklet 009.Brewer_Blackbird 010.Red_winged_Blackbird 011.Rusty_Blackbird 012.Yellow_headed_Blackbird 013.Bobolink 014.Indigo_Bunting 015.Lazuli_Bunting 016.Painted_Bunting 017.Cardinal 018.Spotted_Catbird 019.Gray_Catbird 020.Yellow_breasted_Chat 021.Eastern_Towhee 022.Chuck_will_Widow 023.Brandt_Cormorant 024.Red_faced_Cormorant 025.Pelagic_Cormorant 026.Bronzed_Cowbird 027.Shiny_Cowbird 028.Brown_Creeper 029.American_Crow 030.Fish_Crow 031.Black_billed_Cuckoo 032.Mangrove_Cuckoo 033.Yellow_billed_Cuckoo 034.Gray_crowned_Rosy_Finch 035.Purple_Finch 036.Northern_Flicker 037.Acadian_Flycatcher 038.Great_Crested_Flycatcher 039.Least_Flycatcher 040.Olive_sided_Flycatcher 041.Scissor_tailed_Flycatcher 042.Vermilion_Flycatcher 043.Yellow_bellied_Flycatcher 044.Frigatebird 045.Northern_Fulmar 046.Gadwall 047.American_Goldfinch 048.European_Goldfinch 049.Boat_tailed_Grackle 050.Eared_Grebe 051.Horned_Grebe 052.Pied_billed_Grebe 053.Western_Grebe 054.Blue_Grosbeak 055.Evening_Grosbeak 056.Pine_Grosbeak 057.Rose_breasted_Grosbeak 058.Pigeon_Guillemot 059.California_Gull 060.Glaucous_winged_Gull 061.Heermann_Gull 062.Herring_Gull 063.Ivory_Gull 064.Ring_billed_Gull 065.Slaty_backed_Gull 066.Western_Gull 067.Anna_Hummingbird 068.Ruby_throated_Hummingbird 069.Rufous_Hummingbird 070.Green_Violetear 071.Long_tailed_Jaeger 072.Pomarine_Jaeger 073.Blue_Jay 074.Florida_Jay 075.Green_Jay 076.Dark_eyed_Junco 077.Tropical_Kingbird 078.Gray_Kingbird 079.Belted_Kingfisher 080.Green_Kingfisher 081.Pied_Kingfisher 082.Ringed_Kingfisher 083.White_breasted_Kingfisher 084.Red_legged_Kittiwake 085.Horned_Lark 086.Pacific_Loon 087.Mallard 088.Western_Meadowlark 089.Hooded_Merganser 090.Red_breasted_Merganser 091.Mockingbird 092.Nighthawk 093.Clark_Nutcracker 094.White_breasted_Nuthatch 095.Baltimore_Oriole 096.Hooded_Oriole 097.Orchard_Oriole 098.Scott_Oriole 099.Ovenbird 100.Brown_Pelican 101.White_Pelican 102.Western_Wood_Pewee 103.Sayornis 104.American_Pipit 105.Whip_poor_Will 106.Horned_Puffin 107.Common_Raven 108.White_necked_Raven 109.American_Redstart 110.Geococcyx 111.Loggerhead_Shrike 112.Great_Grey_Shrike 113.Baird_Sparrow 114.Black_throated_Sparrow 115.Brewer_Sparrow 116.Chipping_Sparrow 117.Clay_colored_Sparrow 118.House_Sparrow 119.Field_Sparrow 120.Fox_Sparrow 121.Grasshopper_Sparrow 122.Harris_Sparrow 123.Henslow_Sparrow 124.Le_Conte_Sparrow 125.Lincoln_Sparrow 126.Nelson_Sharp_tailed_Sparrow 127.Savannah_Sparrow 128.Seaside_Sparrow 129.Song_Sparrow 130.Tree_Sparrow 131.Vesper_Sparrow 132.White_crowned_Sparrow 133.White_throated_Sparrow 134.Cape_Glossy_Starling 135.Bank_Swallow 136.Barn_Swallow 137.Cliff_Swallow 138.Tree_Swallow 139.Scarlet_Tanager 140.Summer_Tanager 141.Artic_Tern 142.Black_Tern 143.Caspian_Tern 144.Common_Tern 145.Elegant_Tern 146.Forsters_Tern 147.Least_Tern 148.Green_tailed_Towhee 149.Brown_Thrasher 150.Sage_Thrasher 151.Black_capped_Vireo 152.Blue_headed_Vireo 153.Philadelphia_Vireo 154.Red_eyed_Vireo 155.Warbling_Vireo 156.White_eyed_Vireo 157.Yellow_throated_Vireo 158.Bay_breasted_Warbler 159.Black_and_white_Warbler 160.Black_throated_Blue_Warbler 161.Blue_winged_Warbler 162.Canada_Warbler 163.Cape_May_Warbler 164.Cerulean_Warbler 165.Chestnut_sided_Warbler 166.Golden_winged_Warbler 167.Hooded_Warbler 168.Kentucky_Warbler 169.Magnolia_Warbler 170.Mourning_Warbler 171.Myrtle_Warbler 172.Nashville_Warbler 173.Orange_crowned_Warbler 174.Palm_Warbler 175.Pine_Warbler 176.Prairie_Warbler 177.Prothonotary_Warbler 178.Swainson_Warbler 179.Tennessee_Warbler 180.Wilson_Warbler 181.Worm_eating_Warbler 182.Yellow_Warbler 183.Northern_Waterthrush 184.Louisiana_Waterthrush 185.Bohemian_Waxwing 186.Cedar_Waxwing 187.American_Three_toed_Woodpecker 188.Pileated_Woodpecker 189.Red_bellied_Woodpecker 190.Red_cockaded_Woodpecker 191.Red_headed_Woodpecker 192.Downy_Woodpecker 193.Bewick_Wren 194.Cactus_Wren 195.Carolina_Wren 196.House_Wren 197.Marsh_Wren 198.Rock_Wren 199.Winter_Wren 200.Common_Yellowthroat

n01844917 aquatic bird : n01503061 : 2 : n02021795 n01846331
--- 41 : 001.Black_footed_Albatross 002.Laysan_Albatross 003.Sooty_Albatross 005.Crested_Auklet 006.Least_Auklet 007.Parakeet_Auklet 008.Rhinoceros_Auklet 023.Brandt_Cormorant 024.Red_faced_Cormorant 025.Pelagic_Cormorant 044.Frigatebird 045.Northern_Fulmar 046.Gadwall 050.Eared_Grebe 051.Horned_Grebe 052.Pied_billed_Grebe 053.Western_Grebe 058.Pigeon_Guillemot 059.California_Gull 060.Glaucous_winged_Gull 061.Heermann_Gull 062.Herring_Gull 063.Ivory_Gull 064.Ring_billed_Gull 065.Slaty_backed_Gull 066.Western_Gull 071.Long_tailed_Jaeger 072.Pomarine_Jaeger 084.Red_legged_Kittiwake 086.Pacific_Loon 087.Mallard 089.Hooded_Merganser 090.Red_breasted_Merganser 106.Horned_Puffin 141.Artic_Tern 142.Black_Tern 143.Caspian_Tern 144.Common_Tern 145.Elegant_Tern 146.Forsters_Tern 147.Least_Tern

n02021795 seabird, sea bird, seafowl : n01844917 : 7 : n02057731 n02045369 n02051474 n02050004 n02040505 n02049088 n02048115
--- 37 : 001.Black_footed_Albatross 002.Laysan_Albatross 003.Sooty_Albatross 005.Crested_Auklet 006.Least_Auklet 007.Parakeet_Auklet 008.Rhinoceros_Auklet 023.Brandt_Cormorant 024.Red_faced_Cormorant 025.Pelagic_Cormorant 044.Frigatebird 045.Northern_Fulmar 050.Eared_Grebe 051.Horned_Grebe 052.Pied_billed_Grebe 053.Western_Grebe 058.Pigeon_Guillemot 059.California_Gull 060.Glaucous_winged_Gull 061.Heermann_Gull 062.Herring_Gull 063.Ivory_Gull 064.Ring_billed_Gull 065.Slaty_backed_Gull 066.Western_Gull 071.Long_tailed_Jaeger 072.Pomarine_Jaeger 084.Red_legged_Kittiwake 086.Pacific_Loon 106.Horned_Puffin 141.Artic_Tern 142.Black_Tern 143.Caspian_Tern 144.Common_Tern 145.Elegant_Tern 146.Forsters_Tern 147.Least_Tern

n02057731 pelagic bird, oceanic bird : n02021795 : 2 : n02058221 n02060133
--- 4 : 001.Black_footed_Albatross 002.Laysan_Albatross 003.Sooty_Albatross 045.Northern_Fulmar

n02058221 albatross, mollymawk : n02057731 : 3 : n02058747 n02058221_002.Laysan_Albatross n02058221_003.Sooty_Albatross
--- 3 : 001.Black_footed_Albatross 002.Laysan_Albatross 003.Sooty_Albatross

n02058747 black-footed albatross, gooney, gooney bird, goonie, goony, Diomedea nigripes : n02058221 : 0 :
--- 1 : 001.Black_footed_Albatross

n02058221_002.Laysan_Albatross 002.Laysan_Albatross : n02058221 : 0 :
--- 1 : 002.Laysan_Albatross

n02058221_003.Sooty_Albatross 003.Sooty_Albatross : n02058221 : 0 :
--- 1 : 003.Sooty_Albatross

n01823013 cuckoo : n01503061 : 5 : n01823013_004.Groove_billed_Ani n01823740 n01823013_032.Mangrove_Cuckoo n01823013_033.Yellow_billed_Cuckoo n01824035
--- 5 : 004.Groove_billed_Ani 031.Black_billed_Cuckoo 032.Mangrove_Cuckoo 033.Yellow_billed_Cuckoo 110.Geococcyx

n01823013_004.Groove_billed_Ani 004.Groove_billed_Ani : n01823013 : 0 :
--- 1 : 004.Groove_billed_Ani

n02045369 auk : n02021795 : 2 : n02045596 n02047045
--- 5 : 005.Crested_Auklet 006.Least_Auklet 007.Parakeet_Auklet 008.Rhinoceros_Auklet 058.Pigeon_Guillemot

n02045596 auklet : n02045369 : 4 : n02045596_005.Crested_Auklet n02045596_006.Least_Auklet n02045596_007.Parakeet_Auklet n02045596_008.Rhinoceros_Auklet
--- 4 : 005.Crested_Auklet 006.Least_Auklet 007.Parakeet_Auklet 008.Rhinoceros_Auklet

n02045596_005.Crested_Auklet 005.Crested_Auklet : n02045596 : 0 :
--- 1 : 005.Crested_Auklet

n02045596_006.Least_Auklet 006.Least_Auklet : n02045596 : 0 :
--- 1 : 006.Least_Auklet

n02045596_007.Parakeet_Auklet 007.Parakeet_Auklet : n02045596 : 0 :
--- 1 : 007.Parakeet_Auklet

n02045596_008.Rhinoceros_Auklet 008.Rhinoceros_Auklet : n02045596 : 0 :
--- 1 : 008.Rhinoceros_Auklet

n01524359 passerine, passeriform bird : n01503061 : 3 : n01525720 n01546921 n01584225
--- 136 : 009.Brewer_Blackbird 010.Red_winged_Blackbird 011.Rusty_Blackbird 012.Yellow_headed_Blackbird 013.Bobolink 014.Indigo_Bunting 015.Lazuli_Bunting 016.Painted_Bunting 017.Cardinal 018.Spotted_Catbird 019.Gray_Catbird 020.Yellow_breasted_Chat 021.Eastern_Towhee 022.Chuck_will_Widow 026.Bronzed_Cowbird 027.Shiny_Cowbird 028.Brown_Creeper 029.American_Crow 030.Fish_Crow 034.Gray_crowned_Rosy_Finch 035.Purple_Finch 037.Acadian_Flycatcher 038.Great_Crested_Flycatcher 039.Least_Flycatcher 040.Olive_sided_Flycatcher 041.Scissor_tailed_Flycatcher 042.Vermilion_Flycatcher 043.Yellow_bellied_Flycatcher 047.American_Goldfinch 048.European_Goldfinch 049.Boat_tailed_Grackle 054.Blue_Grosbeak 055.Evening_Grosbeak 056.Pine_Grosbeak 057.Rose_breasted_Grosbeak 073.Blue_Jay 074.Florida_Jay 075.Green_Jay 076.Dark_eyed_Junco 077.Tropical_Kingbird 078.Gray_Kingbird 085.Horned_Lark 088.Western_Meadowlark 091.Mockingbird 093.Clark_Nutcracker 094.White_breasted_Nuthatch 095.Baltimore_Oriole 096.Hooded_Oriole 097.Orchard_Oriole 098.Scott_Oriole 099.Ovenbird 100.Brown_Pelican 101.White_Pelican 102.Western_Wood_Pewee 103.Sayornis 104.American_Pipit 107.Common_Raven 108.White_necked_Raven 109.American_Redstart 111.Loggerhead_Shrike 112.Great_Grey_Shrike 113.Baird_Sparrow 114.Black_throated_Sparrow 115.Brewer_Sparrow 116.Chipping_Sparrow 117.Clay_colored_Sparrow 118.House_Sparrow 119.Field_Sparrow 120.Fox_Sparrow 121.Grasshopper_Sparrow 122.Harris_Sparrow 123.Henslow_Sparrow 124.Le_Conte_Sparrow 125.Lincoln_Sparrow 126.Nelson_Sharp_tailed_Sparrow 127.Savannah_Sparrow 128.Seaside_Sparrow 129.Song_Sparrow 130.Tree_Sparrow 131.Vesper_Sparrow 132.White_crowned_Sparrow 133.White_throated_Sparrow 134.Cape_Glossy_Starling 135.Bank_Swallow 136.Barn_Swallow 137.Cliff_Swallow 138.Tree_Swallow 139.Scarlet_Tanager 140.Summer_Tanager 148.Green_tailed_Towhee 149.Brown_Thrasher 150.Sage_Thrasher 151.Black_capped_Vireo 152.Blue_headed_Vireo 153.Philadelphia_Vireo 154.Red_eyed_Vireo 155.Warbling_Vireo 156.White_eyed_Vireo 157.Yellow_throated_Vireo 158.Bay_breasted_Warbler 159.Black_and_white_Warbler 160.Black_throated_Blue_Warbler 161.Blue_winged_Warbler 162.Canada_Warbler 163.Cape_May_Warbler 164.Cerulean_Warbler 165.Chestnut_sided_Warbler 166.Golden_winged_Warbler 167.Hooded_Warbler 168.Kentucky_Warbler 169.Magnolia_Warbler 170.Mourning_Warbler 171.Myrtle_Warbler 172.Nashville_Warbler 173.Orange_crowned_Warbler 174.Palm_Warbler 175.Pine_Warbler 176.Prairie_Warbler 177.Prothonotary_Warbler 178.Swainson_Warbler 179.Tennessee_Warbler 180.Wilson_Warbler 181.Worm_eating_Warbler 182.Yellow_Warbler 183.Northern_Waterthrush 184.Louisiana_Waterthrush 185.Bohemian_Waxwing 186.Cedar_Waxwing 193.Bewick_Wren 194.Cactus_Wren 195.Carolina_Wren 196.House_Wren 197.Marsh_Wren 198.Rock_Wren 199.Winter_Wren 200.Common_Yellowthroat

n01525720 oscine, oscine bird : n01524359 : 18 : n01571904 n01529672 n01587526 n01563128 n01543383 n01589718 n01578575 n01527617 n01586941 n01591301 n01528654 n01598588 n01576695 n01594372 n01597336 n01587834 n01602630 n01603600
--- 115 : 009.Brewer_Blackbird 010.Red_winged_Blackbird 011.Rusty_Blackbird 012.Yellow_headed_Blackbird 013.Bobolink 014.Indigo_Bunting 015.Lazuli_Bunting 016.Painted_Bunting 017.Cardinal 018.Spotted_Catbird 019.Gray_Catbird 020.Yellow_breasted_Chat 021.Eastern_Towhee 022.Chuck_will_Widow 026.Bronzed_Cowbird 027.Shiny_Cowbird 028.Brown_Creeper 029.American_Crow 030.Fish_Crow 034.Gray_crowned_Rosy_Finch 035.Purple_Finch 047.American_Goldfinch 048.European_Goldfinch 049.Boat_tailed_Grackle 054.Blue_Grosbeak 055.Evening_Grosbeak 056.Pine_Grosbeak 057.Rose_breasted_Grosbeak 073.Blue_Jay 074.Florida_Jay 075.Green_Jay 076.Dark_eyed_Junco 085.Horned_Lark 088.Western_Meadowlark 091.Mockingbird 093.Clark_Nutcracker 094.White_breasted_Nuthatch 095.Baltimore_Oriole 096.Hooded_Oriole 097.Orchard_Oriole 098.Scott_Oriole 104.American_Pipit 107.Common_Raven 108.White_necked_Raven 109.American_Redstart 111.Loggerhead_Shrike 112.Great_Grey_Shrike 113.Baird_Sparrow 114.Black_throated_Sparrow 115.Brewer_Sparrow 116.Chipping_Sparrow 117.Clay_colored_Sparrow 118.House_Sparrow 119.Field_Sparrow 120.Fox_Sparrow 121.Grasshopper_Sparrow 122.Harris_Sparrow 123.Henslow_Sparrow 124.Le_Conte_Sparrow 125.Lincoln_Sparrow 126.Nelson_Sharp_tailed_Sparrow 127.Savannah_Sparrow 128.Seaside_Sparrow 129.Song_Sparrow 130.Tree_Sparrow 131.Vesper_Sparrow 132.White_crowned_Sparrow 133.White_throated_Sparrow 134.Cape_Glossy_Starling 135.Bank_Swallow 136.Barn_Swallow 137.Cliff_Swallow 138.Tree_Swallow 139.Scarlet_Tanager 140.Summer_Tanager 148.Green_tailed_Towhee 149.Brown_Thrasher 150.Sage_Thrasher 151.Black_capped_Vireo 152.Blue_headed_Vireo 153.Philadelphia_Vireo 154.Red_eyed_Vireo 155.Warbling_Vireo 156.White_eyed_Vireo 157.Yellow_throated_Vireo 158.Bay_breasted_Warbler 159.Black_and_white_Warbler 160.Black_throated_Blue_Warbler 161.Blue_winged_Warbler 162.Canada_Warbler 163.Cape_May_Warbler 164.Cerulean_Warbler 165.Chestnut_sided_Warbler 166.Golden_winged_Warbler 167.Hooded_Warbler 168.Kentucky_Warbler 169.Magnolia_Warbler 170.Mourning_Warbler 171.Myrtle_Warbler 172.Nashville_Warbler 173.Orange_crowned_Warbler 174.Palm_Warbler 175.Pine_Warbler 176.Prairie_Warbler 177.Prothonotary_Warbler 178.Swainson_Warbler 179.Tennessee_Warbler 180.Wilson_Warbler 181.Worm_eating_Warbler 182.Yellow_Warbler 183.Northern_Waterthrush 184.Louisiana_Waterthrush 185.Bohemian_Waxwing 186.Cedar_Waxwing 200.Common_Yellowthroat

n01571904 New World oriole, American oriole, oriole : n01525720 : 5 : n01574045 n01573898 n01573074 n01572489 n01572782
--- 13 : 009.Brewer_Blackbird 010.Red_winged_Blackbird 011.Rusty_Blackbird 012.Yellow_headed_Blackbird 013.Bobolink 026.Bronzed_Cowbird 027.Shiny_Cowbird 049.Boat_tailed_Grackle 088.Western_Meadowlark 095.Baltimore_Oriole 096.Hooded_Oriole 097.Orchard_Oriole 098.Scott_Oriole

n01574045 New World blackbird, blackbird : n01571904 : 6 : n01574045_009.Brewer_Blackbird n01575401 n01574801 n01574045_012.Yellow_headed_Blackbird n01575117 n01574390
--- 7 : 009.Brewer_Blackbird 010.Red_winged_Blackbird 011.Rusty_Blackbird 012.Yellow_headed_Blackbird 026.Bronzed_Cowbird 027.Shiny_Cowbird 049.Boat_tailed_Grackle

n01574045_009.Brewer_Blackbird 009.Brewer_Blackbird : n01574045 : 0 :
--- 1 : 009.Brewer_Blackbird

n01575401 red-winged blackbird, redwing, Agelaius phoeniceus : n01574045 : 0 :
--- 1 : 010.Red_winged_Blackbird

n01574801 rusty blackbird, rusty grackle, Euphagus carilonus : n01574045 : 0 :
--- 1 : 011.Rusty_Blackbird

n01574045_012.Yellow_headed_Blackbird 012.Yellow_headed_Blackbird : n01574045 : 0 :
--- 1 : 012.Yellow_headed_Blackbird

n01573898 bobolink, ricebird, reedbird, Dolichonyx oryzivorus : n01571904 : 0 :
--- 1 : 013.Bobolink

n01529672 finch : n01525720 : 9 : n01537134 n01541386 n01541922 n01532511 n01533000 n01531178 n01540233 n01534433 n01534762
--- 36 : 014.Indigo_Bunting 015.Lazuli_Bunting 016.Painted_Bunting 017.Cardinal 021.Eastern_Towhee 034.Gray_crowned_Rosy_Finch 035.Purple_Finch 047.American_Goldfinch 048.European_Goldfinch 054.Blue_Grosbeak 055.Evening_Grosbeak 056.Pine_Grosbeak 057.Rose_breasted_Grosbeak 076.Dark_eyed_Junco 113.Baird_Sparrow 114.Black_throated_Sparrow 115.Brewer_Sparrow 116.Chipping_Sparrow 117.Clay_colored_Sparrow 118.House_Sparrow 119.Field_Sparrow 120.Fox_Sparrow 121.Grasshopper_Sparrow 122.Harris_Sparrow 123.Henslow_Sparrow 124.Le_Conte_Sparrow 125.Lincoln_Sparrow 126.Nelson_Sharp_tailed_Sparrow 127.Savannah_Sparrow 128.Seaside_Sparrow 129.Song_Sparrow 130.Tree_Sparrow 131.Vesper_Sparrow 132.White_crowned_Sparrow 133.White_throated_Sparrow 148.Green_tailed_Towhee

n01537134 bunting : n01529672 : 3 : n01537544 n01537134_015.Lazuli_Bunting n01537134_016.Painted_Bunting
--- 3 : 014.Indigo_Bunting 015.Lazuli_Bunting 016.Painted_Bunting

n01537544 indigo bunting, indigo finch, indigo bird, Passerina cyanea : n01537134 : 0 :
--- 1 : 014.Indigo_Bunting

n01537134_015.Lazuli_Bunting 015.Lazuli_Bunting : n01537134 : 0 :
--- 1 : 015.Lazuli_Bunting

n01537134_016.Painted_Bunting 016.Painted_Bunting : n01537134 : 0 :
--- 1 : 016.Painted_Bunting

n01541386 cardinal, cardinal grosbeak, Richmondena Cardinalis, Cardinalis cardinalis, redbird : n01529672 : 0 :
--- 1 : 017.Cardinal

n01587526 catbird, grey catbird, gray catbird, Dumetella carolinensis : n01525720 : 2 : n01587526_018.Spotted_Catbird n01587526_019.Gray_Catbird
--- 2 : 018.Spotted_Catbird 019.Gray_Catbird

n01587526_018.Spotted_Catbird 018.Spotted_Catbird : n01587526 : 0 :
--- 1 : 018.Spotted_Catbird

n01587526_019.Gray_Catbird 019.Gray_Catbird : n01587526 : 0 :
--- 1 : 019.Gray_Catbird

n01563128 warbler : n01525720 : 22 : n01567133 n01563128_158.Bay_breasted_Warbler n01563128_159.Black_and_white_Warbler n01563128_160.Black_throated_Blue_Warbler n01563128_161.Blue_winged_Warbler n01563128_162.Canada_Warbler n01563128_164.Cerulean_Warbler n01563128_165.Chestnut_sided_Warbler n01563128_166.Golden_winged_Warbler n01563128_167.Hooded_Warbler n01563128_168.Kentucky_Warbler n01563128_169.Magnolia_Warbler n01563128_170.Mourning_Warbler n01563128_172.Nashville_Warbler n01563128_173.Orange_crowned_Warbler n01563128_174.Palm_Warbler n01563128_175.Pine_Warbler n01563128_176.Prairie_Warbler n01563128_177.Prothonotary_Warbler n01563128_178.Swainson_Warbler n01563128_179.Tennessee_Warbler n01563128_181.Worm_eating_Warbler
--- 30 : 020.Yellow_breasted_Chat 109.American_Redstart 158.Bay_breasted_Warbler 159.Black_and_white_Warbler 160.Black_throated_Blue_Warbler 161.Blue_winged_Warbler 162.Canada_Warbler 163.Cape_May_Warbler 164.Cerulean_Warbler 165.Chestnut_sided_Warbler 166.Golden_winged_Warbler 167.Hooded_Warbler 168.Kentucky_Warbler 169.Magnolia_Warbler 170.Mourning_Warbler 171.Myrtle_Warbler 172.Nashville_Warbler 173.Orange_crowned_Warbler 174.Palm_Warbler 175.Pine_Warbler 176.Prairie_Warbler 177.Prothonotary_Warbler 178.Swainson_Warbler 179.Tennessee_Warbler 180.Wilson_Warbler 181.Worm_eating_Warbler 182.Yellow_Warbler 183.Northern_Waterthrush 184.Louisiana_Waterthrush 200.Common_Yellowthroat

n01567133 New World warbler, wood warbler : n01563128 : 8 : n01569971 n01568294 n01568720 n01569423 n01567879 n01568892 n01570421 n01570839
--- 9 : 020.Yellow_breasted_Chat 109.American_Redstart 163.Cape_May_Warbler 171.Myrtle_Warbler 180.Wilson_Warbler 182.Yellow_Warbler 183.Northern_Waterthrush 184.Louisiana_Waterthrush 200.Common_Yellowthroat

n01569971 yellow-breasted chat, Icteria virens : n01567133 : 0 :
--- 1 : 020.Yellow_breasted_Chat

n01541922 towhee : n01529672 : 2 : n01541922_021.Eastern_Towhee n01542433
--- 2 : 021.Eastern_Towhee 148.Green_tailed_Towhee

n01541922_021.Eastern_Towhee 021.Eastern_Towhee : n01541922 : 0 :
--- 1 : 021.Eastern_Towhee

n01543383 whydah, whidah, widow bird : n01525720 : 0 :
--- 1 : 022.Chuck_will_Widow

n02051474 pelecaniform seabird : n02021795 : 2 : n02054036 n02052775
--- 4 : 023.Brandt_Cormorant 024.Red_faced_Cormorant 025.Pelagic_Cormorant 044.Frigatebird

n02054036 cormorant, Phalacrocorax carbo : n02051474 : 3 : n02054036_023.Brandt_Cormorant n02054036_024.Red_faced_Cormorant n02054036_025.Pelagic_Cormorant
--- 3 : 023.Brandt_Cormorant 024.Red_faced_Cormorant 025.Pelagic_Cormorant

n02054036_023.Brandt_Cormorant 023.Brandt_Cormorant : n02054036 : 0 :
--- 1 : 023.Brandt_Cormorant

n02054036_024.Red_faced_Cormorant 024.Red_faced_Cormorant : n02054036 : 0 :
--- 1 : 024.Red_faced_Cormorant

n02054036_025.Pelagic_Cormorant 025.Pelagic_Cormorant : n02054036 : 0 :
--- 1 : 025.Pelagic_Cormorant

n01575117 cowbird : n01574045 : 2 : n01575117_026.Bronzed_Cowbird n01575117_027.Shiny_Cowbird
--- 2 : 026.Bronzed_Cowbird 027.Shiny_Cowbird

n01575117_026.Bronzed_Cowbird 026.Bronzed_Cowbird : n01575117 : 0 :
--- 1 : 026.Bronzed_Cowbird

n01575117_027.Shiny_Cowbird 027.Shiny_Cowbird : n01575117 : 0 :
--- 1 : 027.Shiny_Cowbird

n01589718 brown creeper, American creeper, Certhia americana : n01525720 : 0 :
--- 1 : 028.Brown_Creeper

n01578575 corvine bird : n01525720 : 4 : n01579028 n01580077 n01581730 n01579260
--- 8 : 029.American_Crow 030.Fish_Crow 073.Blue_Jay 074.Florida_Jay 075.Green_Jay 093.Clark_Nutcracker 107.Common_Raven 108.White_necked_Raven

n01579028 crow : n01578575 : 2 : n01579028_029.American_Crow n01579028_030.Fish_Crow
--- 2 : 029.American_Crow 030.Fish_Crow

n01579028_029.American_Crow 029.American_Crow : n01579028 : 0 :
--- 1 : 029.American_Crow

n01579028_030.Fish_Crow 030.Fish_Crow : n01579028 : 0 :
--- 1 : 030.Fish_Crow

n01823740 black-billed cuckoo, Coccyzus erythropthalmus : n01823013 : 0 :
--- 1 : 031.Black_billed_Cuckoo

n01823013_032.Mangrove_Cuckoo 032.Mangrove_Cuckoo : n01823013 : 0 :
--- 1 : 032.Mangrove_Cuckoo

n01823013_033.Yellow_billed_Cuckoo 033.Yellow_billed_Cuckoo : n01823013 : 0 :
--- 1 : 033.Yellow_billed_Cuckoo

n01532511 pine siskin, pine finch, Spinus pinus : n01529672 : 0 :
--- 1 : 034.Gray_crowned_Rosy_Finch

n01533000 purple finch, Carpodacus purpureus : n01529672 : 0 :
--- 1 : 035.Purple_Finch

n01838598 woodpecker, peckerwood, pecker : n01503061 : 7 : n01839598 n01838598_187.American_Three_toed_Woodpecker n01838598_188.Pileated_Woodpecker n01838598_189.Red_bellied_Woodpecker n01838598_190.Red_cockaded_Woodpecker n01840775 n01839330
--- 7 : 036.Northern_Flicker 187.American_Three_toed_Woodpecker 188.Pileated_Woodpecker 189.Red_bellied_Woodpecker 190.Red_cockaded_Woodpecker 191.Red_headed_Woodpecker 192.Downy_Woodpecker

n01839598 flicker : n01838598 : 0 :
--- 1 : 036.Northern_Flicker

n01546921 tyrannid : n01524359 : 2 : n01547832 n01552813
--- 14 : 037.Acadian_Flycatcher 038.Great_Crested_Flycatcher 039.Least_Flycatcher 040.Olive_sided_Flycatcher 041.Scissor_tailed_Flycatcher 042.Vermilion_Flycatcher 043.Yellow_bellied_Flycatcher 077.Tropical_Kingbird 078.Gray_Kingbird 099.Ovenbird 100.Brown_Pelican 101.White_Pelican 102.Western_Wood_Pewee 103.Sayornis

n01547832 New World flycatcher, flycatcher, tyrant flycatcher, tyrant bird : n01546921 : 10 : n01547832_037.Acadian_Flycatcher n01547832_038.Great_Crested_Flycatcher n01547832_039.Least_Flycatcher n01547832_040.Olive_sided_Flycatcher n01555305 n01550172 n01547832_043.Yellow_bellied_Flycatcher n01548301 n01549641 n01549886
--- 11 : 037.Acadian_Flycatcher 038.Great_Crested_Flycatcher 039.Least_Flycatcher 040.Olive_sided_Flycatcher 041.Scissor_tailed_Flycatcher 042.Vermilion_Flycatcher 043.Yellow_bellied_Flycatcher 077.Tropical_Kingbird 078.Gray_Kingbird 102.Western_Wood_Pewee 103.Sayornis

n01547832_037.Acadian_Flycatcher 037.Acadian_Flycatcher : n01547832 : 0 :
--- 1 : 037.Acadian_Flycatcher

n01547832_038.Great_Crested_Flycatcher 038.Great_Crested_Flycatcher : n01547832 : 0 :
--- 1 : 038.Great_Crested_Flycatcher

n01547832_039.Least_Flycatcher 039.Least_Flycatcher : n01547832 : 0 :
--- 1 : 039.Least_Flycatcher

n01547832_040.Olive_sided_Flycatcher 040.Olive_sided_Flycatcher : n01547832 : 0 :
--- 1 : 040.Olive_sided_Flycatcher

n01555305 scissortail, scissortailed flycatcher, Muscivora-forficata : n01547832 : 0 :
--- 1 : 041.Scissor_tailed_Flycatcher

n01550172 vermillion flycatcher, firebird, Pyrocephalus rubinus mexicanus : n01547832 : 0 :
--- 1 : 042.Vermilion_Flycatcher

n01547832_043.Yellow_bellied_Flycatcher 043.Yellow_bellied_Flycatcher : n01547832 : 0 :
--- 1 : 043.Yellow_bellied_Flycatcher

n02052775 frigate bird, man-of-war bird : n02051474 : 0 :
--- 1 : 044.Frigatebird

n02060133 fulmar, fulmar petrel, Fulmarus glacialis : n02057731 : 0 :
--- 1 : 045.Northern_Fulmar

n01846331 duck : n01844917 : 3 : n01846331_046.Gadwall n01847806 n01854415
--- 4 : 046.Gadwall 087.Mallard 089.Hooded_Merganser 090.Red_breasted_Merganser

n01846331_046.Gadwall 046.Gadwall : n01846331 : 0 :
--- 1 : 046.Gadwall

n01531178 goldfinch, Carduelis carduelis : n01529672 : 2 : n01531178_047.American_Goldfinch n01531178_048.European_Goldfinch
--- 2 : 047.American_Goldfinch 048.European_Goldfinch

n01531178_047.American_Goldfinch 047.American_Goldfinch : n01531178 : 0 :
--- 1 : 047.American_Goldfinch

n01531178_048.European_Goldfinch 048.European_Goldfinch : n01531178 : 0 :
--- 1 : 048.European_Goldfinch

n01574390 grackle, crow blackbird : n01574045 : 0 :
--- 1 : 049.Boat_tailed_Grackle

n02050004 grebe : n02021795 : 4 : n02050004_050.Eared_Grebe n02050004_051.Horned_Grebe n02050004_052.Pied_billed_Grebe n02050004_053.Western_Grebe
--- 4 : 050.Eared_Grebe 051.Horned_Grebe 052.Pied_billed_Grebe 053.Western_Grebe

n02050004_050.Eared_Grebe 050.Eared_Grebe : n02050004 : 0 :
--- 1 : 050.Eared_Grebe

n02050004_051.Horned_Grebe 051.Horned_Grebe : n02050004 : 0 :
--- 1 : 051.Horned_Grebe

n02050004_052.Pied_billed_Grebe 052.Pied_billed_Grebe : n02050004 : 0 :
--- 1 : 052.Pied_billed_Grebe

n02050004_053.Western_Grebe 053.Western_Grebe : n02050004 : 0 :
--- 1 : 053.Western_Grebe

n01540233 grosbeak, grossbeak : n01529672 : 4 : n01540233_054.Blue_Grosbeak n01540566 n01541102 n01540233_057.Rose_breasted_Grosbeak
--- 4 : 054.Blue_Grosbeak 055.Evening_Grosbeak 056.Pine_Grosbeak 057.Rose_breasted_Grosbeak

n01540233_054.Blue_Grosbeak 054.Blue_Grosbeak : n01540233 : 0 :
--- 1 : 054.Blue_Grosbeak

n01540566 evening grosbeak, Hesperiphona vespertina : n01540233 : 0 :
--- 1 : 055.Evening_Grosbeak

n01541102 pine grosbeak, Pinicola enucleator : n01540233 : 0 :
--- 1 : 056.Pine_Grosbeak

n01540233_057.Rose_breasted_Grosbeak 057.Rose_breasted_Grosbeak : n01540233 : 0 :
--- 1 : 057.Rose_breasted_Grosbeak

n02047045 pigeon guillemot, Cepphus columba : n02045369 : 0 :
--- 1 : 058.Pigeon_Guillemot

n02040505 coastal diving bird : n02021795 : 2 : n02041085 n02044178
--- 18 : 059.California_Gull 060.Glaucous_winged_Gull 061.Heermann_Gull 062.Herring_Gull 063.Ivory_Gull 064.Ring_billed_Gull 065.Slaty_backed_Gull 066.Western_Gull 071.Long_tailed_Jaeger 072.Pomarine_Jaeger 084.Red_legged_Kittiwake 141.Artic_Tern 142.Black_Tern 143.Caspian_Tern 144.Common_Tern 145.Elegant_Tern 146.Forsters_Tern 147.Least_Tern

n02041085 larid : n02040505 : 2 : n02041246 n02043063
--- 16 : 059.California_Gull 060.Glaucous_winged_Gull 061.Heermann_Gull 062.Herring_Gull 063.Ivory_Gull 064.Ring_billed_Gull 065.Slaty_backed_Gull 066.Western_Gull 084.Red_legged_Kittiwake 141.Artic_Tern 142.Black_Tern 143.Caspian_Tern 144.Common_Tern 145.Elegant_Tern 146.Forsters_Tern 147.Least_Tern

n02041246 gull, seagull, sea gull : n02041085 : 9 : n02041246_059.California_Gull n02041246_060.Glaucous_winged_Gull n02041246_061.Heermann_Gull n02042046 n02042472 n02041246_064.Ring_billed_Gull n02041246_065.Slaty_backed_Gull n02041246_066.Western_Gull n02042759
--- 9 : 059.California_Gull 060.Glaucous_winged_Gull 061.Heermann_Gull 062.Herring_Gull 063.Ivory_Gull 064.Ring_billed_Gull 065.Slaty_backed_Gull 066.Western_Gull 084.Red_legged_Kittiwake

n02041246_059.California_Gull 059.California_Gull : n02041246 : 0 :
--- 1 : 059.California_Gull

n02041246_060.Glaucous_winged_Gull 060.Glaucous_winged_Gull : n02041246 : 0 :
--- 1 : 060.Glaucous_winged_Gull

n02041246_061.Heermann_Gull 061.Heermann_Gull : n02041246 : 0 :
--- 1 : 061.Heermann_Gull

n02042046 herring gull, Larus argentatus : n02041246 : 0 :
--- 1 : 062.Herring_Gull

n02042472 ivory gull, Pagophila eburnea : n02041246 : 0 :
--- 1 : 063.Ivory_Gull

n02041246_064.Ring_billed_Gull 064.Ring_billed_Gull : n02041246 : 0 :
--- 1 : 064.Ring_billed_Gull

n02041246_065.Slaty_backed_Gull 065.Slaty_backed_Gull : n02041246 : 0 :
--- 1 : 065.Slaty_backed_Gull

n02041246_066.Western_Gull 066.Western_Gull : n02041246 : 0 :
--- 1 : 066.Western_Gull

n01833805 hummingbird : n01503061 : 4 : n01833805_067.Anna_Hummingbird n01833805_068.Ruby_throated_Hummingbird n01833805_069.Rufous_Hummingbird n01833805_070.Green_Violetear
--- 4 : 067.Anna_Hummingbird 068.Ruby_throated_Hummingbird 069.Rufous_Hummingbird 070.Green_Violetear

n01833805_067.Anna_Hummingbird 067.Anna_Hummingbird : n01833805 : 0 :
--- 1 : 067.Anna_Hummingbird

n01833805_068.Ruby_throated_Hummingbird 068.Ruby_throated_Hummingbird : n01833805 : 0 :
--- 1 : 068.Ruby_throated_Hummingbird

n01833805_069.Rufous_Hummingbird 069.Rufous_Hummingbird : n01833805 : 0 :
--- 1 : 069.Rufous_Hummingbird

n01833805_070.Green_Violetear 070.Green_Violetear : n01833805 : 0 :
--- 1 : 070.Green_Violetear

n02044178 jaeger : n02040505 : 2 : n02044178_071.Long_tailed_Jaeger n02044178_072.Pomarine_Jaeger
--- 2 : 071.Long_tailed_Jaeger 072.Pomarine_Jaeger

n02044178_071.Long_tailed_Jaeger 071.Long_tailed_Jaeger : n02044178 : 0 :
--- 1 : 071.Long_tailed_Jaeger

n02044178_072.Pomarine_Jaeger 072.Pomarine_Jaeger : n02044178 : 0 :
--- 1 : 072.Pomarine_Jaeger

n01580077 jay : n01578575 : 3 : n01580870 n01580077_074.Florida_Jay n01580077_075.Green_Jay
--- 3 : 073.Blue_Jay 074.Florida_Jay 075.Green_Jay

n01580870 blue jay, jaybird, Cyanocitta cristata : n01580077 : 0 :
--- 1 : 073.Blue_Jay

n01580077_074.Florida_Jay 074.Florida_Jay : n01580077 : 0 :
--- 1 : 074.Florida_Jay

n01580077_075.Green_Jay 075.Green_Jay : n01580077 : 0 :
--- 1 : 075.Green_Jay

n01534433 junco, snowbird : n01529672 : 0 :
--- 1 : 076.Dark_eyed_Junco

n01548301 kingbird, Tyrannus tyrannus : n01547832 : 2 : n01548301_077.Tropical_Kingbird n01548301_078.Gray_Kingbird
--- 2 : 077.Tropical_Kingbird 078.Gray_Kingbird

n01548301_077.Tropical_Kingbird 077.Tropical_Kingbird : n01548301 : 0 :
--- 1 : 077.Tropical_Kingbird

n01548301_078.Gray_Kingbird 078.Gray_Kingbird : n01548301 : 0 :
--- 1 : 078.Gray_Kingbird

n01827403 kingfisher : n01503061 : 5 : n01828096 n01827403_080.Green_Kingfisher n01827403_081.Pied_Kingfisher n01827403_082.Ringed_Kingfisher n01827403_083.White_breasted_Kingfisher
--- 5 : 079.Belted_Kingfisher 080.Green_Kingfisher 081.Pied_Kingfisher 082.Ringed_Kingfisher 083.White_breasted_Kingfisher

n01828096 belted kingfisher, Ceryle alcyon : n01827403 : 0 :
--- 1 : 079.Belted_Kingfisher

n01827403_080.Green_Kingfisher 080.Green_Kingfisher : n01827403 : 0 :
--- 1 : 080.Green_Kingfisher

n01827403_081.Pied_Kingfisher 081.Pied_Kingfisher : n01827403 : 0 :
--- 1 : 081.Pied_Kingfisher

n01827403_082.Ringed_Kingfisher 082.Ringed_Kingfisher : n01827403 : 0 :
--- 1 : 082.Ringed_Kingfisher

n01827403_083.White_breasted_Kingfisher 083.White_breasted_Kingfisher : n01827403 : 0 :
--- 1 : 083.White_breasted_Kingfisher

n02042759 kittiwake : n02041246 : 0 :
--- 1 : 084.Red_legged_Kittiwake

n01527617 lark : n01525720 : 0 :
--- 1 : 085.Horned_Lark

n02049088 loon, diver : n02021795 : 0 :
--- 1 : 086.Pacific_Loon

n01847806 mallard, Anas platyrhynchos : n01846331 : 0 :
--- 1 : 087.Mallard

n01573074 meadowlark, lark : n01571904 : 0 :
--- 1 : 088.Western_Meadowlark

n01854415 merganser, fish duck, sawbill, sheldrake : n01846331 : 2 : n01855476 n01855032
--- 2 : 089.Hooded_Merganser 090.Red_breasted_Merganser

n01855476 hooded merganser, hooded sheldrake, Lophodytes cucullatus : n01854415 : 0 :
--- 1 : 089.Hooded_Merganser

n01855032 red-breasted merganser, Mergus serrator : n01854415 : 0 :
--- 1 : 090.Red_breasted_Merganser

n01586941 mockingbird, mocker, Mimus polyglotktos : n01525720 : 0 :
--- 1 : 091.Mockingbird

n01835276 goatsucker, nightjar, caprimulgid : n01503061 : 2 : n01836384 n01836087
--- 2 : 092.Nighthawk 105.Whip_poor_Will

n01836384 nighthawk, bullbat, mosquito hawk : n01835276 : 0 :
--- 1 : 092.Nighthawk

n01581730 nutcracker : n01578575 : 0 :
--- 1 : 093.Clark_Nutcracker

n01591301 white-breasted nuthatch, Sitta carolinensis : n01525720 : 0 :
--- 1 : 094.White_breasted_Nuthatch

n01572489 Baltimore oriole, Baltimore bird, hangbird, firebird, Icterus galbula galbula : n01571904 : 0 :
--- 1 : 095.Baltimore_Oriole

n01572782 orchard oriole, Icterus spurius : n01571904 : 3 : n01572782_096.Hooded_Oriole n01572782_097.Orchard_Oriole n01572782_098.Scott_Oriole
--- 3 : 096.Hooded_Oriole 097.Orchard_Oriole 098.Scott_Oriole

n01572782_096.Hooded_Oriole 096.Hooded_Oriole : n01572782 : 0 :
--- 1 : 096.Hooded_Oriole

n01572782_097.Orchard_Oriole 097.Orchard_Oriole : n01572782 : 0 :
--- 1 : 097.Orchard_Oriole

n01572782_098.Scott_Oriole 098.Scott_Oriole : n01572782 : 0 :
--- 1 : 098.Scott_Oriole

n01552813 ovenbird : n01546921 : 3 : n01552813_099.Ovenbird n01552813_100.Brown_Pelican n01552813_101.White_Pelican
--- 3 : 099.Ovenbird 100.Brown_Pelican 101.White_Pelican

n01552813_099.Ovenbird 099.Ovenbird : n01552813 : 0 :
--- 1 : 099.Ovenbird

n01552813_100.Brown_Pelican 100.Brown_Pelican : n01552813 : 0 :
--- 1 : 100.Brown_Pelican

n01552813_101.White_Pelican 101.White_Pelican : n01552813 : 0 :
--- 1 : 101.White_Pelican

n01549641 western wood pewee, Contopus sordidulus : n01547832 : 0 :
--- 1 : 102.Western_Wood_Pewee

n01549886 phoebe, phoebe bird, Sayornis phoebe : n01547832 : 0 :
--- 1 : 103.Sayornis

n01528654 pipit, titlark, lark : n01525720 : 0 :
--- 1 : 104.American_Pipit

n01836087 whippoorwill, Caprimulgus vociferus : n01835276 : 0 :
--- 1 : 105.Whip_poor_Will

n02048115 horned puffin, Fratercula corniculata : n02021795 : 0 :
--- 1 : 106.Horned_Puffin

n01579260 raven, Corvus corax : n01578575 : 2 : n01579260_107.Common_Raven n01579260_108.White_necked_Raven
--- 2 : 107.Common_Raven 108.White_necked_Raven

n01579260_107.Common_Raven 107.Common_Raven : n01579260 : 0 :
--- 1 : 107.Common_Raven

n01579260_108.White_necked_Raven 108.White_necked_Raven : n01579260 : 0 :
--- 1 : 108.White_necked_Raven

n01568294 American redstart, redstart, Setophaga ruticilla : n01567133 : 0 :
--- 1 : 109.American_Redstart

n01824035 roadrunner, chaparral cock, Geococcyx californianus : n01823013 : 0 :
--- 1 : 110.Geococcyx

n01598588 shrike : n01525720 : 2 : n01599556 n01598588_112.Great_Grey_Shrike
--- 2 : 111.Loggerhead_Shrike 112.Great_Grey_Shrike

n01599556 loggerhead shrike, Lanius lucovicianus : n01598588 : 0 :
--- 1 : 111.Loggerhead_Shrike

n01598588_112.Great_Grey_Shrike 112.Great_Grey_Shrike : n01598588 : 0 :
--- 1 : 112.Great_Grey_Shrike

n01534762 New World sparrow : n01529672 : 21 : n01534762_113.Baird_Sparrow n01534762_114.Black_throated_Sparrow n01534762_115.Brewer_Sparrow n01534762_116.Chipping_Sparrow n01534762_117.Clay_colored_Sparrow n01534762_118.House_Sparrow n01534762_119.Field_Sparrow n01534762_120.Fox_Sparrow n01534762_121.Grasshopper_Sparrow n01534762_122.Harris_Sparrow n01534762_123.Henslow_Sparrow n01534762_124.Le_Conte_Sparrow n01534762_125.Lincoln_Sparrow n01534762_126.Nelson_Sharp_tailed_Sparrow n01534762_127.Savannah_Sparrow n01534762_128.Seaside_Sparrow n01534762_129.Song_Sparrow n01534762_130.Tree_Sparrow n01534762_131.Vesper_Sparrow n01534762_132.White_crowned_Sparrow n01534762_133.White_throated_Sparrow
--- 21 : 113.Baird_Sparrow 114.Black_throated_Sparrow 115.Brewer_Sparrow 116.Chipping_Sparrow 117.Clay_colored_Sparrow 118.House_Sparrow 119.Field_Sparrow 120.Fox_Sparrow 121.Grasshopper_Sparrow 122.Harris_Sparrow 123.Henslow_Sparrow 124.Le_Conte_Sparrow 125.Lincoln_Sparrow 126.Nelson_Sharp_tailed_Sparrow 127.Savannah_Sparrow 128.Seaside_Sparrow 129.Song_Sparrow 130.Tree_Sparrow 131.Vesper_Sparrow 132.White_crowned_Sparrow 133.White_throated_Sparrow

n01534762_113.Baird_Sparrow 113.Baird_Sparrow : n01534762 : 0 :
--- 1 : 113.Baird_Sparrow

n01534762_114.Black_throated_Sparrow 114.Black_throated_Sparrow : n01534762 : 0 :
--- 1 : 114.Black_throated_Sparrow

n01534762_115.Brewer_Sparrow 115.Brewer_Sparrow : n01534762 : 0 :
--- 1 : 115.Brewer_Sparrow

n01534762_116.Chipping_Sparrow 116.Chipping_Sparrow : n01534762 : 0 :
--- 1 : 116.Chipping_Sparrow

n01534762_117.Clay_colored_Sparrow 117.Clay_colored_Sparrow : n01534762 : 0 :
--- 1 : 117.Clay_colored_Sparrow

n01534762_118.House_Sparrow 118.House_Sparrow : n01534762 : 0 :
--- 1 : 118.House_Sparrow

n01534762_119.Field_Sparrow 119.Field_Sparrow : n01534762 : 0 :
--- 1 : 119.Field_Sparrow

n01534762_120.Fox_Sparrow 120.Fox_Sparrow : n01534762 : 0 :
--- 1 : 120.Fox_Sparrow

n01534762_121.Grasshopper_Sparrow 121.Grasshopper_Sparrow : n01534762 : 0 :
--- 1 : 121.Grasshopper_Sparrow

n01534762_122.Harris_Sparrow 122.Harris_Sparrow : n01534762 : 0 :
--- 1 : 122.Harris_Sparrow

n01534762_123.Henslow_Sparrow 123.Henslow_Sparrow : n01534762 : 0 :
--- 1 : 123.Henslow_Sparrow

n01534762_124.Le_Conte_Sparrow 124.Le_Conte_Sparrow : n01534762 : 0 :
--- 1 : 124.Le_Conte_Sparrow

n01534762_125.Lincoln_Sparrow 125.Lincoln_Sparrow : n01534762 : 0 :
--- 1 : 125.Lincoln_Sparrow

n01534762_126.Nelson_Sharp_tailed_Sparrow 126.Nelson_Sharp_tailed_Sparrow : n01534762 : 0 :
--- 1 : 126.Nelson_Sharp_tailed_Sparrow

n01534762_127.Savannah_Sparrow 127.Savannah_Sparrow : n01534762 : 0 :
--- 1 : 127.Savannah_Sparrow

n01534762_128.Seaside_Sparrow 128.Seaside_Sparrow : n01534762 : 0 :
--- 1 : 128.Seaside_Sparrow

n01534762_129.Song_Sparrow 129.Song_Sparrow : n01534762 : 0 :
--- 1 : 129.Song_Sparrow

n01534762_130.Tree_Sparrow 130.Tree_Sparrow : n01534762 : 0 :
--- 1 : 130.Tree_Sparrow

n01534762_131.Vesper_Sparrow 131.Vesper_Sparrow : n01534762 : 0 :
--- 1 : 131.Vesper_Sparrow

n01534762_132.White_crowned_Sparrow 132.White_crowned_Sparrow : n01534762 : 0 :
--- 1 : 132.White_crowned_Sparrow

n01534762_133.White_throated_Sparrow 133.White_throated_Sparrow : n01534762 : 0 :
--- 1 : 133.White_throated_Sparrow

n01576695 starling : n01525720 : 0 :
--- 1 : 134.Cape_Glossy_Starling

n01594372 swallow : n01525720 : 4 : n01594372_135.Bank_Swallow n01594787 n01594968 n01595168
--- 4 : 135.Bank_Swallow 136.Barn_Swallow 137.Cliff_Swallow 138.Tree_Swallow

n01594372_135.Bank_Swallow 135.Bank_Swallow : n01594372 : 0 :
--- 1 : 135.Bank_Swallow

n01594787 barn swallow, chimney swallow, Hirundo rustica : n01594372 : 0 :
--- 1 : 136.Barn_Swallow

n01594968 cliff swallow, Hirundo pyrrhonota : n01594372 : 0 :
--- 1 : 137.Cliff_Swallow

n01595168 tree swallow, tree martin, Hirundo nigricans : n01594372 : 0 :
--- 1 : 138.Tree_Swallow

n01597336 tanager : n01525720 : 2 : n01597737 n01598074
--- 2 : 139.Scarlet_Tanager 140.Summer_Tanager

n01597737 scarlet tanager, Piranga olivacea, redbird, firebird : n01597336 : 0 :
--- 1 : 139.Scarlet_Tanager

n01598074 summer tanager, summer redbird, Piranga rubra : n01597336 : 0 :
--- 1 : 140.Summer_Tanager

n02043063 tern : n02041085 : 7 : n02043063_141.Artic_Tern n02043063_142.Black_Tern n02043063_143.Caspian_Tern n02043063_144.Common_Tern n02043063_145.Elegant_Tern n02043063_146.Forsters_Tern n02043063_147.Least_Tern
--- 7 : 141.Artic_Tern 142.Black_Tern 143.Caspian_Tern 144.Common_Tern 145.Elegant_Tern 146.Forsters_Tern 147.Least_Tern

n02043063_141.Artic_Tern 141.Artic_Tern : n02043063 : 0 :
--- 1 : 141.Artic_Tern

n02043063_142.Black_Tern 142.Black_Tern : n02043063 : 0 :
--- 1 : 142.Black_Tern

n02043063_143.Caspian_Tern 143.Caspian_Tern : n02043063 : 0 :
--- 1 : 143.Caspian_Tern

n02043063_144.Common_Tern 144.Common_Tern : n02043063 : 0 :
--- 1 : 144.Common_Tern

n02043063_145.Elegant_Tern 145.Elegant_Tern : n02043063 : 0 :
--- 1 : 145.Elegant_Tern

n02043063_146.Forsters_Tern 146.Forsters_Tern : n02043063 : 0 :
--- 1 : 146.Forsters_Tern

n02043063_147.Least_Tern 147.Least_Tern : n02043063 : 0 :
--- 1 : 147.Least_Tern

n01542433 green-tailed towhee, Chlorura chlorura : n01541922 : 0 :
--- 1 : 148.Green_tailed_Towhee

n01587834 thrasher, mocking thrush : n01525720 : 2 : n01588002 n01587834_150.Sage_Thrasher
--- 2 : 149.Brown_Thrasher 150.Sage_Thrasher

n01588002 brown thrasher, brown thrush, Toxostoma rufums : n01587834 : 0 :
--- 1 : 149.Brown_Thrasher

n01587834_150.Sage_Thrasher 150.Sage_Thrasher : n01587834 : 0 :
--- 1 : 150.Sage_Thrasher

n01602630 vireo : n01525720 : 7 : n01602630_151.Black_capped_Vireo n01603152 n01602630_153.Philadelphia_Vireo n01602832 n01602630_155.Warbling_Vireo n01602630_156.White_eyed_Vireo n01602630_157.Yellow_throated_Vireo
--- 7 : 151.Black_capped_Vireo 152.Blue_headed_Vireo 153.Philadelphia_Vireo 154.Red_eyed_Vireo 155.Warbling_Vireo 156.White_eyed_Vireo 157.Yellow_throated_Vireo

n01602630_151.Black_capped_Vireo 151.Black_capped_Vireo : n01602630 : 0 :
--- 1 : 151.Black_capped_Vireo

n01603152 blue-headed vireo, Vireo solitarius solitarius : n01602630 : 0 :
--- 1 : 152.Blue_headed_Vireo

n01602630_153.Philadelphia_Vireo 153.Philadelphia_Vireo : n01602630 : 0 :
--- 1 : 153.Philadelphia_Vireo

n01602832 red-eyed vireo, Vireo olivaceous : n01602630 : 0 :
--- 1 : 154.Red_eyed_Vireo

n01602630_155.Warbling_Vireo 155.Warbling_Vireo : n01602630 : 0 :
--- 1 : 155.Warbling_Vireo

n01602630_156.White_eyed_Vireo 156.White_eyed_Vireo : n01602630 : 0 :
--- 1 : 156.White_eyed_Vireo

n01602630_157.Yellow_throated_Vireo 157.Yellow_throated_Vireo : n01602630 : 0 :
--- 1 : 157.Yellow_throated_Vireo

n01563128_158.Bay_breasted_Warbler 158.Bay_breasted_Warbler : n01563128 : 0 :
--- 1 : 158.Bay_breasted_Warbler

n01563128_159.Black_and_white_Warbler 159.Black_and_white_Warbler : n01563128 : 0 :
--- 1 : 159.Black_and_white_Warbler

n01563128_160.Black_throated_Blue_Warbler 160.Black_throated_Blue_Warbler : n01563128 : 0 :
--- 1 : 160.Black_throated_Blue_Warbler

n01563128_161.Blue_winged_Warbler 161.Blue_winged_Warbler : n01563128 : 0 :
--- 1 : 161.Blue_winged_Warbler

n01563128_162.Canada_Warbler 162.Canada_Warbler : n01563128 : 0 :
--- 1 : 162.Canada_Warbler

n01568720 Cape May warbler, Dendroica tigrina : n01567133 : 0 :
--- 1 : 163.Cape_May_Warbler

n01563128_164.Cerulean_Warbler 164.Cerulean_Warbler : n01563128 : 0 :
--- 1 : 164.Cerulean_Warbler

n01563128_165.Chestnut_sided_Warbler 165.Chestnut_sided_Warbler : n01563128 : 0 :
--- 1 : 165.Chestnut_sided_Warbler

n01563128_166.Golden_winged_Warbler 166.Golden_winged_Warbler : n01563128 : 0 :
--- 1 : 166.Golden_winged_Warbler

n01563128_167.Hooded_Warbler 167.Hooded_Warbler : n01563128 : 0 :
--- 1 : 167.Hooded_Warbler

n01563128_168.Kentucky_Warbler 168.Kentucky_Warbler : n01563128 : 0 :
--- 1 : 168.Kentucky_Warbler

n01563128_169.Magnolia_Warbler 169.Magnolia_Warbler : n01563128 : 0 :
--- 1 : 169.Magnolia_Warbler

n01563128_170.Mourning_Warbler 170.Mourning_Warbler : n01563128 : 0 :
--- 1 : 170.Mourning_Warbler

n01569423 myrtle warbler, myrtle bird, Dendroica coronata : n01567133 : 0 :
--- 1 : 171.Myrtle_Warbler

n01563128_172.Nashville_Warbler 172.Nashville_Warbler : n01563128 : 0 :
--- 1 : 172.Nashville_Warbler

n01563128_173.Orange_crowned_Warbler 173.Orange_crowned_Warbler : n01563128 : 0 :
--- 1 : 173.Orange_crowned_Warbler

n01563128_174.Palm_Warbler 174.Palm_Warbler : n01563128 : 0 :
--- 1 : 174.Palm_Warbler

n01563128_175.Pine_Warbler 175.Pine_Warbler : n01563128 : 0 :
--- 1 : 175.Pine_Warbler

n01563128_176.Prairie_Warbler 176.Prairie_Warbler : n01563128 : 0 :
--- 1 : 176.Prairie_Warbler

n01563128_177.Prothonotary_Warbler 177.Prothonotary_Warbler : n01563128 : 0 :
--- 1 : 177.Prothonotary_Warbler

n01563128_178.Swainson_Warbler 178.Swainson_Warbler : n01563128 : 0 :
--- 1 : 178.Swainson_Warbler

n01563128_179.Tennessee_Warbler 179.Tennessee_Warbler : n01563128 : 0 :
--- 1 : 179.Tennessee_Warbler

n01567879 Wilson's warbler, Wilson's blackcap, Wilsonia pusilla : n01567133 : 0 :
--- 1 : 180.Wilson_Warbler

n01563128_181.Worm_eating_Warbler 181.Worm_eating_Warbler : n01563128 : 0 :
--- 1 : 181.Worm_eating_Warbler

n01568892 yellow warbler, golden warbler, yellowbird, Dendroica petechia : n01567133 : 0 :
--- 1 : 182.Yellow_Warbler

n01570421 water thrush : n01567133 : 2 : n01570421_183.Northern_Waterthrush n01570421_184.Louisiana_Waterthrush
--- 2 : 183.Northern_Waterthrush 184.Louisiana_Waterthrush

n01570421_183.Northern_Waterthrush 183.Northern_Waterthrush : n01570421 : 0 :
--- 1 : 183.Northern_Waterthrush

n01570421_184.Louisiana_Waterthrush 184.Louisiana_Waterthrush : n01570421 : 0 :
--- 1 : 184.Louisiana_Waterthrush

n01603600 waxwing : n01525720 : 2 : n01603953 n01603812
--- 2 : 185.Bohemian_Waxwing 186.Cedar_Waxwing

n01603953 Bohemian waxwing, Bombycilla garrulus : n01603600 : 0 :
--- 1 : 185.Bohemian_Waxwing

n01603812 cedar waxwing, cedarbird, Bombycilla cedrorun : n01603600 : 0 :
--- 1 : 186.Cedar_Waxwing

n01838598_187.American_Three_toed_Woodpecker 187.American_Three_toed_Woodpecker : n01838598 : 0 :
--- 1 : 187.American_Three_toed_Woodpecker

n01838598_188.Pileated_Woodpecker 188.Pileated_Woodpecker : n01838598 : 0 :
--- 1 : 188.Pileated_Woodpecker

n01838598_189.Red_bellied_Woodpecker 189.Red_bellied_Woodpecker : n01838598 : 0 :
--- 1 : 189.Red_bellied_Woodpecker

n01838598_190.Red_cockaded_Woodpecker 190.Red_cockaded_Woodpecker : n01838598 : 0 :
--- 1 : 190.Red_cockaded_Woodpecker

n01840775 redheaded woodpecker, redhead, Melanerpes erythrocephalus : n01838598 : 0 :
--- 1 : 191.Red_headed_Woodpecker

n01839330 downy woodpecker : n01838598 : 0 :
--- 1 : 192.Downy_Woodpecker

n01584225 wren, jenny wren : n01524359 : 7 : n01584225_193.Bewick_Wren n01586374 n01586020 n01584853 n01585121 n01585715 n01584695
--- 7 : 193.Bewick_Wren 194.Cactus_Wren 195.Carolina_Wren 196.House_Wren 197.Marsh_Wren 198.Rock_Wren 199.Winter_Wren

n01584225_193.Bewick_Wren 193.Bewick_Wren : n01584225 : 0 :
--- 1 : 193.Bewick_Wren

n01586374 cactus wren : n01584225 : 0 :
--- 1 : 194.Cactus_Wren

n01586020 Carolina wren, Thryothorus ludovicianus : n01584225 : 0 :
--- 1 : 195.Carolina_Wren

n01584853 house wren, Troglodytes aedon : n01584225 : 0 :
--- 1 : 196.House_Wren

n01585121 marsh wren : n01584225 : 0 :
--- 1 : 197.Marsh_Wren

n01585715 rock wren, Salpinctes obsoletus : n01584225 : 0 :
--- 1 : 198.Rock_Wren

n01584695 winter wren, Troglodytes troglodytes : n01584225 : 0 :
--- 1 : 199.Winter_Wren

n01570839 common yellowthroat, Maryland yellowthroat, Geothlypis trichas : n01567133 : 0 :
--- 1 : 200.Common_Yellowthroat

